도시이름,날짜,요일한글,방문객한글,방문자수
정읍시,20210101,금요일,외지인(b),24892 
정읍시,20210102,토요일,외지인(b),26044 
정읍시,20210103,일요일,외지인(b),20517 
정읍시,20210104,월요일,외지인(b),17462 
정읍시,20210105,화요일,외지인(b),17472 
정읍시,20210106,수요일,외지인(b),16758 
정읍시,20210107,목요일,외지인(b),10588 
정읍시,20210108,금요일,외지인(b),14028 
정읍시,20210109,토요일,외지인(b),18921 
정읍시,20210110,일요일,외지인(b),17605 
정읍시,20210111,월요일,외지인(b),16408 
정읍시,20210112,화요일,외지인(b),17119 
정읍시,20210113,수요일,외지인(b),18659 
정읍시,20210114,목요일,외지인(b),19828 
정읍시,20210115,금요일,외지인(b),21133 
정읍시,20210116,토요일,외지인(b),26327 
정읍시,20210117,일요일,외지인(b),22712 
정읍시,20210118,월요일,외지인(b),15477 
정읍시,20210119,화요일,외지인(b),19488 
정읍시,20210120,수요일,외지인(b),21277 
정읍시,20210121,목요일,외지인(b),21438 
정읍시,20210122,금요일,외지인(b),22495 
정읍시,20210123,토요일,외지인(b),26933 
정읍시,20210124,일요일,외지인(b),26488 
정읍시,20210125,월요일,외지인(b),22050 
정읍시,20210126,화요일,외지인(b),20111 
정읍시,20210127,수요일,외지인(b),22558 
정읍시,20210128,목요일,외지인(b),20129 
정읍시,20210129,금요일,외지인(b),20580 
정읍시,20210130,토요일,외지인(b),27752 
정읍시,20210131,일요일,외지인(b),25785 
정읍시,20210201,월요일,외지인(b),17364 
정읍시,20210202,화요일,외지인(b),17994 
정읍시,20210203,수요일,외지인(b),17990 
정읍시,20210204,목요일,외지인(b),18638 
정읍시,20210205,금요일,외지인(b),21242 
정읍시,20210206,토요일,외지인(b),26877 
정읍시,20210207,일요일,외지인(b),24556 
정읍시,20210208,월요일,외지인(b),20682 
정읍시,20210209,화요일,외지인(b),21837 
정읍시,20210210,수요일,외지인(b),29400 
정읍시,20210211,목요일,외지인(b),51643 
정읍시,20210212,금요일,외지인(b),69741 
정읍시,20210213,토요일,외지인(b),48643 
정읍시,20210214,일요일,외지인(b),28238 
정읍시,20210215,월요일,외지인(b),20507 
정읍시,20210216,화요일,외지인(b),20220 
정읍시,20210217,수요일,외지인(b),15614 
정읍시,20210218,목요일,외지인(b),18165 
정읍시,20210219,금요일,외지인(b),23195 
정읍시,20210220,토요일,외지인(b),30135 
정읍시,20210221,일요일,외지인(b),28259 
정읍시,20210222,월요일,외지인(b),23972 
정읍시,20210223,화요일,외지인(b),23888 
정읍시,20210224,수요일,외지인(b),24350 
정읍시,20210225,목요일,외지인(b),23328 
정읍시,20210226,금요일,외지인(b),26716 
정읍시,20210227,토요일,외지인(b),37230 
정읍시,20210228,일요일,외지인(b),36239 
정읍시,20210301,월요일,외지인(b),20836 
정읍시,20210302,화요일,외지인(b),19705 
정읍시,20210303,수요일,외지인(b),21508 
정읍시,20210304,목요일,외지인(b),20538 
정읍시,20210305,금요일,외지인(b),23730 
정읍시,20210306,토요일,외지인(b),29323 
정읍시,20210307,일요일,외지인(b),26695 
정읍시,20210308,월요일,외지인(b),22260 
정읍시,20210309,화요일,외지인(b),23328 
정읍시,20210310,수요일,외지인(b),23975 
정읍시,20210311,목요일,외지인(b),23853 
정읍시,20210312,금요일,외지인(b),23961 
정읍시,20210313,토요일,외지인(b),33037 
정읍시,20210314,일요일,외지인(b),29729 
정읍시,20210315,월요일,외지인(b),24287 
정읍시,20210316,화요일,외지인(b),24500 
정읍시,20210317,수요일,외지인(b),24945 
정읍시,20210318,목요일,외지인(b),25172 
정읍시,20210319,금요일,외지인(b),27563 
정읍시,20210320,토요일,외지인(b),30030 
정읍시,20210321,일요일,외지인(b),29964 
정읍시,20210322,월요일,외지인(b),24917 
정읍시,20210323,화요일,외지인(b),26506 
정읍시,20210324,수요일,외지인(b),26198 
정읍시,20210325,목요일,외지인(b),27048 
정읍시,20210326,금요일,외지인(b),29817 
정읍시,20210327,토요일,외지인(b),33530 
정읍시,20210328,일요일,외지인(b),32599 
정읍시,20210329,월요일,외지인(b),26726 
정읍시,20210330,화요일,외지인(b),28588 
정읍시,20210331,수요일,외지인(b),29316 
정읍시,20210401,목요일,외지인(b),22680 
정읍시,20210402,금요일,외지인(b),26653 
정읍시,20210403,토요일,외지인(b),31854 
정읍시,20210404,일요일,외지인(b),29012 
정읍시,20210405,월요일,외지인(b),23961 
정읍시,20210406,화요일,외지인(b),22425 
정읍시,20210407,수요일,외지인(b),21945 
정읍시,20210408,목요일,외지인(b),23107 
정읍시,20210409,금요일,외지인(b),26474 
정읍시,20210410,토요일,외지인(b),38752 
정읍시,20210411,일요일,외지인(b),34601 
정읍시,20210412,월요일,외지인(b),19457 
정읍시,20210413,화요일,외지인(b),20580 
정읍시,20210414,수요일,외지인(b),22400 
정읍시,20210415,목요일,외지인(b),23786 
정읍시,20210416,금요일,외지인(b),24829 
정읍시,20210417,토요일,외지인(b),34580 
정읍시,20210418,일요일,외지인(b),31714 
정읍시,20210419,월요일,외지인(b),22015 
정읍시,20210420,화요일,외지인(b),23296 
정읍시,20210421,수요일,외지인(b),23814 
정읍시,20210422,목요일,외지인(b),23979 
정읍시,20210423,금요일,외지인(b),27213 
정읍시,20210424,토요일,외지인(b),38066 
정읍시,20210425,일요일,외지인(b),34507 
정읍시,20210426,월요일,외지인(b),24728 
정읍시,20210427,화요일,외지인(b),24427 
정읍시,20210428,수요일,외지인(b),24507 
정읍시,20210429,목요일,외지인(b),24735 
정읍시,20210430,금요일,외지인(b),28529 
정읍시,20210501,토요일,외지인(b),36579 
정읍시,20210502,일요일,외지인(b),33261 
정읍시,20210503,월요일,외지인(b),23751 
정읍시,20210504,화요일,외지인(b),22747 
정읍시,20210505,수요일,외지인(b),32256 
정읍시,20210506,목요일,외지인(b),23716 
정읍시,20210507,금요일,외지인(b),29694 
정읍시,20210508,토요일,외지인(b),52766 
정읍시,20210509,일요일,외지인(b),42889 
정읍시,20210510,월요일,외지인(b),22428 
정읍시,20210511,화요일,외지인(b),20993 
정읍시,20210512,수요일,외지인(b),22474 
정읍시,20210513,목요일,외지인(b),23478 
정읍시,20210514,금요일,외지인(b),25536 
정읍시,20210515,토요일,외지인(b),32627 
정읍시,20210516,일요일,외지인(b),27073 
정읍시,20210517,월요일,외지인(b),20892 
정읍시,20210518,화요일,외지인(b),25571 
정읍시,20210519,수요일,외지인(b),33051 
정읍시,20210520,목요일,외지인(b),21833 
정읍시,20210521,금요일,외지인(b),26285 
정읍시,20210522,토요일,외지인(b),36894 
정읍시,20210523,일요일,외지인(b),33481 
정읍시,20210524,월요일,외지인(b),23534 
정읍시,20210525,화요일,외지인(b),23198 
정읍시,20210526,수요일,외지인(b),24066 
정읍시,20210527,목요일,외지인(b),23370 
정읍시,20210528,금요일,외지인(b),26177 
정읍시,20210529,토요일,외지인(b),36946 
정읍시,20210530,일요일,외지인(b),34934 
정읍시,20210531,월요일,외지인(b),23293 
정읍시,20210601,화요일,외지인(b),20475 
정읍시,20210602,수요일,외지인(b),20591 
정읍시,20210603,목요일,외지인(b),18998 
정읍시,20210604,금요일,외지인(b),24850 
정읍시,20210605,토요일,외지인(b),36810 
정읍시,20210606,일요일,외지인(b),32246 
정읍시,20210607,월요일,외지인(b),20769 
정읍시,20210608,화요일,외지인(b),21725 
정읍시,20210609,수요일,외지인(b),22117 
정읍시,20210610,목요일,외지인(b),21935 
정읍시,20210611,금요일,외지인(b),24147 
정읍시,20210612,토요일,외지인(b),36439 
정읍시,20210613,일요일,외지인(b),34279 
정읍시,20210614,월요일,외지인(b),22705 
정읍시,20210615,화요일,외지인(b),21784 
정읍시,20210616,수요일,외지인(b),24304 
정읍시,20210617,목요일,외지인(b),25718 
정읍시,20210618,금요일,외지인(b),26775 
정읍시,20210619,토요일,외지인(b),44335 
정읍시,20210620,일요일,외지인(b),39785 
정읍시,20210621,월요일,외지인(b),25662 
정읍시,20210622,화요일,외지인(b),26362 
정읍시,20210623,수요일,외지인(b),24479 
정읍시,20210624,목요일,외지인(b),25071 
정읍시,20210625,금요일,외지인(b),28872 
정읍시,20210626,토요일,외지인(b),39928 
정읍시,20210627,일요일,외지인(b),36803 
정읍시,20210628,월요일,외지인(b),24847 
정읍시,20210629,화요일,외지인(b),24437 
정읍시,20210630,수요일,외지인(b),25323 
정읍시,20210701,목요일,외지인(b),21105 
정읍시,20210702,금요일,외지인(b),24126 
정읍시,20210703,토요일,외지인(b),31826 
정읍시,20210704,일요일,외지인(b),28816 
정읍시,20210705,월요일,외지인(b),20629 
정읍시,20210706,화요일,외지인(b),18603 
정읍시,20210707,수요일,외지인(b),17805 
정읍시,20210708,목요일,외지인(b),19929 
정읍시,20210709,금요일,외지인(b),24434 
정읍시,20210710,토요일,외지인(b),34759 
정읍시,20210711,일요일,외지인(b),31882 
정읍시,20210712,월요일,외지인(b),22208 
정읍시,20210713,화요일,외지인(b),22925 
정읍시,20210714,수요일,외지인(b),23807 
정읍시,20210715,목요일,외지인(b),24581 
정읍시,20210716,금요일,외지인(b),27223 
정읍시,20210717,토요일,외지인(b),37457 
정읍시,20210718,일요일,외지인(b),35035 
정읍시,20210719,월요일,외지인(b),24679 
정읍시,20210720,화요일,외지인(b),25774 
정읍시,20210721,수요일,외지인(b),24780 
정읍시,20210722,목요일,외지인(b),25067 
정읍시,20210723,금요일,외지인(b),28655 
정읍시,20210724,토요일,외지인(b),38073 
정읍시,20210725,일요일,외지인(b),36271 
정읍시,20210726,월요일,외지인(b),27409 
정읍시,20210727,화요일,외지인(b),27601 
정읍시,20210728,수요일,외지인(b),27629 
정읍시,20210729,목요일,외지인(b),29474 
정읍시,20210730,금요일,외지인(b),34356 
정읍시,20210731,토요일,외지인(b),43698 
정읍시,20210801,일요일,외지인(b),37016 
정읍시,20210802,월요일,외지인(b),29939 
정읍시,20210803,화요일,외지인(b),28322 
정읍시,20210804,수요일,외지인(b),26632 
정읍시,20210805,목요일,외지인(b),26432 
정읍시,20210806,금요일,외지인(b),29197 
정읍시,20210807,토요일,외지인(b),36834 
정읍시,20210808,일요일,외지인(b),32407 
정읍시,20210809,월요일,외지인(b),24679 
정읍시,20210810,화요일,외지인(b),23783 
정읍시,20210811,수요일,외지인(b),24462 
정읍시,20210812,목요일,외지인(b),25204 
정읍시,20210813,금요일,외지인(b),28588 
정읍시,20210814,토요일,외지인(b),36792 
정읍시,20210815,일요일,외지인(b),38934 
정읍시,20210816,월요일,외지인(b),31252 
정읍시,20210817,화요일,외지인(b),24451 
정읍시,20210818,수요일,외지인(b),23338 
정읍시,20210819,목요일,외지인(b),24133 
정읍시,20210820,금요일,외지인(b),27227 
정읍시,20210821,토요일,외지인(b),27052 
정읍시,20210822,일요일,외지인(b),29978 
정읍시,20210823,월요일,외지인(b),20489 
정읍시,20210824,화요일,외지인(b),19842 
정읍시,20210825,수요일,외지인(b),22754 
정읍시,20210826,목요일,외지인(b),25519 
정읍시,20210827,금요일,외지인(b),23667 
정읍시,20210828,토요일,외지인(b),34825 
정읍시,20210829,일요일,외지인(b),28595 
정읍시,20210830,월요일,외지인(b),24490 
정읍시,20210901,수요일,외지인(b),18078 
정읍시,20210902,목요일,외지인(b),20647 
정읍시,20210903,금요일,외지인(b),25183 
정읍시,20210904,토요일,외지인(b),38175 
정읍시,20210905,일요일,외지인(b),32732 
정읍시,20210906,월요일,외지인(b),20636 
정읍시,20210907,화요일,외지인(b),20776 
정읍시,20210908,수요일,외지인(b),23342 
정읍시,20210909,목요일,외지인(b),24847 
정읍시,20210910,금요일,외지인(b),26964 
정읍시,20210911,토요일,외지인(b),42623 
정읍시,20210912,일요일,외지인(b),36715 
정읍시,20210913,월요일,외지인(b),24532 
정읍시,20210914,화요일,외지인(b),24647 
정읍시,20210915,수요일,외지인(b),24766 
정읍시,20210916,목요일,외지인(b),26226 
정읍시,20210917,금요일,외지인(b),27934 
정읍시,20210918,토요일,외지인(b),47044 
정읍시,20210919,일요일,외지인(b),66546 
정읍시,20210920,월요일,외지인(b),82677 
정읍시,20210921,화요일,외지인(b),92050 
정읍시,20210922,수요일,외지인(b),49137 
정읍시,20210923,목요일,외지인(b),28011 
정읍시,20210924,금요일,외지인(b),27927 
정읍시,20210925,토요일,외지인(b),35333 
정읍시,20210926,일요일,외지인(b),32907 
정읍시,20210927,월요일,외지인(b),25165 
